{
    "epoch": [
        1,
        2,
        3,
        4
    ],
    "avg_train_loss": [
        0.23047464377482277,
        0.23104122177949846,
        0.2320788848368551,
        0.2316068502273371
    ],
    "test_mse_original": [
        33.994754791259766,
        4.741485595703125,
        2.4780049324035645,
        26.836225509643555
    ],
    "test_mae_original": [
        5.633998394012451,
        1.751008152961731,
        1.1779966354370117,
        4.981586456298828
    ],
    "actual_epoch_time_sec": [
        2621.8799192905426,
        2547.5253891944885,
        2425.798935651779,
        2381.9963884353638
    ]
}